{"cameraMode":{"drawMode":2,"name":"Shaded Wireframe","section":"Shading Mode"},"sceneLighting":true,"audioPlay":false,"sceneViewState":{"showFog":true,"showMaterialUpdate":false,"showSkybox":true,"showFlares":true,"showImageEffects":true,"showParticleSystems":true},"in2DMode":false,"pivot":{"x":5.419864654541016,"y":1.9315093755722047,"z":12.462874412536621},"rotation":{"x":0.005233431700617075,"y":-0.9927641153335571,"z":-0.1103401631116867,"w":-0.04708598554134369},"size":3.43559193611145,"orthographic":false}